,data_name,method,total_accuracy,train_accuracy,test_accuracy,total_sd,train_sd,test_sd
0,pbmc_test,GCN,0.9638636231422424,0.9646795392036438,0.9540006756782532,0.00020408205788030584,0.00013941575467576664,0.002275761070853507
1,pbmc_test,Max Col.,0.958325207233429,0.9647781252861023,0.8803200721740723,0.0,0.0,0.0
2,pbmc_test,Confident Labels,,0.9647781252861023,,0.0,0.0,0.0
3,pbmc_test,sctype,0.9711372256278992,0.973749041557312,0.9395641684532166,0.0,0.0,0.0
4,pbmc_test,scsorter,0.7148190140724182,0.7701634764671326,0.045795027166604996,0.0,0.0,0.0
5,pbmc_test,scina,0.733328104019165,0.7931330800056458,0.01038474589586258,0.0,0.0,0.0
6,pbmc_test,Tool Avg.,0.8064281145731608,0.8456818660100301,0.33191464717189473,0.14294217380114166,0.11150247423789689,0.5265376791265588
