,data_name,method,total_accuracy,train_accuracy,test_accuracy,total_sd,train_sd,test_sd
0,pbmc_test,GCN,0.9312521815299988,0.9382360577583313,0.7058008670806885,0.00046432557702756865,3.471362946924658e-05,0.015325537484111189
1,pbmc_test,Max Col.,0.9121369123458862,0.9382870197296143,0.06796536594629288,0.0,0.0,0.0
2,pbmc_test,Confident Labels,,0.9382870197296143,,0.0,0.0,0.0
3,pbmc_test,sctype,0.854866623878479,0.8560163974761963,0.8177489042282104,0.0,0.0,0.0
4,pbmc_test,scsorter,0.7148450016975403,0.7165788412094116,0.6588744521141052,0.0,0.0,0.0
5,pbmc_test,scina,0.7334451675415039,0.7542341947555542,0.062337663024663925,0.0,0.0,0.0
6,pbmc_test,singler,0.7027873992919922,0.7204141020774841,0.13376623392105103,0.0,0.0,0.0
7,pbmc_test,scpred,0.7438899278640747,0.7616499662399292,0.1705627739429474,0.0,0.0,0.0
8,pbmc_test,Tool Avg.,0.749966824054718,0.7617787003517151,0.3686580054461956,0.06077273716673552,0.05632880469475648,0.34429501831321063
